src,split,category,level
C:\Users\hugoa\Desktop\Universidad\TFG\benford-corruption\source\data\train\clean\fO7epp6cIyk.mp4,train,clean,
C:\Users\hugoa\Desktop\Universidad\TFG\benford-corruption\source\data\train\clean\0mcjJ35IlsQ.mp4,train,clean,
C:\Users\hugoa\Desktop\Universidad\TFG\benford-corruption\source\data\train\clean\-0lfUaTIAEs.mp4,train,clean,
C:\Users\hugoa\Desktop\Universidad\TFG\benford-corruption\source\data\train\clean\GN2UTYoip98.mp4,train,clean,
C:\Users\hugoa\Desktop\Universidad\TFG\benford-corruption\source\data\train\clean\1OcA0gQFWjM.mp4,train,clean,
C:\Users\hugoa\Desktop\Universidad\TFG\benford-corruption\source\data\train\clean\1Hi5GMotrjs.mp4,train,clean,
C:\Users\hugoa\Desktop\Universidad\TFG\benford-corruption\source\data\train\clean\1FEcfy-moBM.mp4,train,clean,
C:\Users\hugoa\Desktop\Universidad\TFG\benford-corruption\source\data\train\clean\0RRkBEUk1EY.mp4,train,clean,
C:\Users\hugoa\Desktop\Universidad\TFG\benford-corruption\source\data\train\clean\gGzjni9-aQI.mp4,train,clean,
C:\Users\hugoa\Desktop\Universidad\TFG\benford-corruption\source\data\train\clean\0lkvs1QUcjI.mp4,train,clean,
C:\Users\hugoa\Desktop\Universidad\TFG\benford-corruption\source\data\train\clean\FXN38F_eok4.mp4,train,clean,
C:\Users\hugoa\Desktop\Universidad\TFG\benford-corruption\source\data\train\clean\lYxsj_NclhY.mp4,train,clean,
C:\Users\hugoa\Desktop\Universidad\TFG\benford-corruption\source\data\train\clean\lsjOb3hl5FM.mp4,train,clean,
C:\Users\hugoa\Desktop\Universidad\TFG\benford-corruption\source\data\train\clean\_gPCy4ahhVk.mp4,train,clean,
C:\Users\hugoa\Desktop\Universidad\TFG\benford-corruption\source\data\train\clean\0i1lP-WyXLU.mp4,train,clean,
C:\Users\hugoa\Desktop\Universidad\TFG\benford-corruption\source\data\train\clean\akNMDEoNRvA.mp4,train,clean,
C:\Users\hugoa\Desktop\Universidad\TFG\benford-corruption\source\data\train\clean\4XWyND-u0PA.mp4,train,clean,
C:\Users\hugoa\Desktop\Universidad\TFG\benford-corruption\source\data\train\clean\-1vQEXONh3Y.mp4,train,clean,
C:\Users\hugoa\Desktop\Universidad\TFG\benford-corruption\source\data\train\clean\-1qwHuGXhuo.mp4,train,clean,
C:\Users\hugoa\Desktop\Universidad\TFG\benford-corruption\source\data\train\clean\0lCWhhGesNI.mp4,train,clean,
C:\Users\hugoa\Desktop\Universidad\TFG\benford-corruption\source\data\train\clean\1En6j7p8QxE.mp4,train,clean,
C:\Users\hugoa\Desktop\Universidad\TFG\benford-corruption\source\data\train\clean\1HDx1DeSq6A.mp4,train,clean,
C:\Users\hugoa\Desktop\Universidad\TFG\benford-corruption\source\data\train\clean\_5cvAd0KAk4.mp4,train,clean,
C:\Users\hugoa\Desktop\Universidad\TFG\benford-corruption\source\data\train\clean\BHMeO1L6sO4.mp4,train,clean,
C:\Users\hugoa\Desktop\Universidad\TFG\benford-corruption\source\data\train\clean\-1iWWmJmwzI.mp4,train,clean,
C:\Users\hugoa\Desktop\Universidad\TFG\benford-corruption\source\data\train\clean\_mMT4Nt_c-A.mp4,train,clean,
C:\Users\hugoa\Desktop\Universidad\TFG\benford-corruption\source\data\train\clean\1B7v7KBj8CA.mp4,train,clean,
C:\Users\hugoa\Desktop\Universidad\TFG\benford-corruption\source\data\train\clean\g_wHimPF9o8.mp4,train,clean,
C:\Users\hugoa\Desktop\Universidad\TFG\benford-corruption\source\data\train\clean\fp3yApjjqt0.mp4,train,clean,
C:\Users\hugoa\Desktop\Universidad\TFG\benford-corruption\source\data\train\clean\g0zaM1oiZfg.mp4,train,clean,
C:\Users\hugoa\Desktop\Universidad\TFG\benford-corruption\source\data\train\clean\lWPAmQwnbwc.mp4,train,clean,
C:\Users\hugoa\Desktop\Universidad\TFG\benford-corruption\source\data\train\clean\4Xn_uxgQl8g.mp4,train,clean,
C:\Users\hugoa\Desktop\Universidad\TFG\benford-corruption\source\data\train\clean\1e-yLDRbDhE.mp4,train,clean,
C:\Users\hugoa\Desktop\Universidad\TFG\benford-corruption\source\data\train\clean\54lAglxSbaY.mp4,train,clean,
C:\Users\hugoa\Desktop\Universidad\TFG\benford-corruption\source\data\train\clean\_NRenVb-Vn8.mp4,train,clean,
C:\Users\hugoa\Desktop\Universidad\TFG\benford-corruption\source\data\train\clean\1pNdXcMQX_8.mp4,train,clean,
C:\Users\hugoa\Desktop\Universidad\TFG\benford-corruption\source\data\train\clean\LmD69Doc1z8.mp4,train,clean,
C:\Users\hugoa\Desktop\Universidad\TFG\benford-corruption\source\data\train\clean\lPWqXYOlZ_Y.mp4,train,clean,
C:\Users\hugoa\Desktop\Universidad\TFG\benford-corruption\source\data\train\clean\-1GsilN0qjU.mp4,train,clean,
C:\Users\hugoa\Desktop\Universidad\TFG\benford-corruption\source\data\train\clean\gpBtWEMqzM4.mp4,train,clean,
C:\Users\hugoa\Desktop\Universidad\TFG\benford-corruption\source\data\train\clean\lllqzohXPD8.mp4,train,clean,
C:\Users\hugoa\Desktop\Universidad\TFG\benford-corruption\source\data\train\clean\0W_gaY5c5RU.mp4,train,clean,
C:\Users\hugoa\Desktop\Universidad\TFG\benford-corruption\source\data\train\clean\G2XYLk0-_38.mp4,train,clean,
C:\Users\hugoa\Desktop\Universidad\TFG\benford-corruption\source\data\train\clean\LW3YaXGv5Mc.mp4,train,clean,
C:\Users\hugoa\Desktop\Universidad\TFG\benford-corruption\source\data\train\clean\2cVJpBG1vHY.mp4,train,clean,
C:\Users\hugoa\Desktop\Universidad\TFG\benford-corruption\source\data\train\clean\LTuGd5RQFiM.mp4,train,clean,
C:\Users\hugoa\Desktop\Universidad\TFG\benford-corruption\source\data\train\clean\0vArIdzT4K4.mp4,train,clean,
C:\Users\hugoa\Desktop\Universidad\TFG\benford-corruption\source\data\train\clean\1fvaCH_Se2Q.mp4,train,clean,
C:\Users\hugoa\Desktop\Universidad\TFG\benford-corruption\source\data\train\clean\gsNLRX0NjIw.mp4,train,clean,
C:\Users\hugoa\Desktop\Universidad\TFG\benford-corruption\source\data\train\clean\2a49qaWG9oE.mp4,train,clean,
C:\Users\hugoa\Desktop\Universidad\TFG\benford-corruption\source\data\train\clean\lYE9MxnOcY4.mp4,train,clean,
C:\Users\hugoa\Desktop\Universidad\TFG\benford-corruption\source\data\train\clean\lVwFn9m8Q_Q.mp4,train,clean,
C:\Users\hugoa\Desktop\Universidad\TFG\benford-corruption\source\data\train\clean\2gi1aSciYmE.mp4,train,clean,
C:\Users\hugoa\Desktop\Universidad\TFG\benford-corruption\source\data\train\clean\0Jued9V5zNk.mp4,train,clean,
C:\Users\hugoa\Desktop\Universidad\TFG\benford-corruption\source\data\train\clean\2f93ECh_2Vc.mp4,train,clean,
C:\Users\hugoa\Desktop\Universidad\TFG\benford-corruption\source\data\train\clean\LOSVSKLw_h8.mp4,train,clean,
C:\Users\hugoa\Desktop\Universidad\TFG\benford-corruption\source\data\train\clean\2agWm6N2260.mp4,train,clean,
C:\Users\hugoa\Desktop\Universidad\TFG\benford-corruption\source\data\train\clean\BdmLB7IdGrk.mp4,train,clean,
C:\Users\hugoa\Desktop\Universidad\TFG\benford-corruption\source\data\train\clean\1Mgl2fNpEuk.mp4,train,clean,
C:\Users\hugoa\Desktop\Universidad\TFG\benford-corruption\source\data\train\clean\Lm-eNlhJ5YI.mp4,train,clean,
C:\Users\hugoa\Desktop\Universidad\TFG\benford-corruption\source\data\train\clean\-fJ4Fq583ec.mp4,train,clean,
C:\Users\hugoa\Desktop\Universidad\TFG\benford-corruption\source\data\train\clean\GIdLl3lf0B4.mp4,train,clean,
C:\Users\hugoa\Desktop\Universidad\TFG\benford-corruption\source\data\train\clean\5alRoEFZJCs.mp4,train,clean,
C:\Users\hugoa\Desktop\Universidad\TFG\benford-corruption\source\data\train\clean\_eVCAsZxcPw.mp4,train,clean,
C:\Users\hugoa\Desktop\Universidad\TFG\benford-corruption\source\data\train\clean\0Pu0PLVQod4.mp4,train,clean,
C:\Users\hugoa\Desktop\Universidad\TFG\benford-corruption\source\data\train\clean\2yB9Ajv5OR8.mp4,train,clean,
C:\Users\hugoa\Desktop\Universidad\TFG\benford-corruption\source\data\train\clean\0hZBaym-z8M.mp4,train,clean,
C:\Users\hugoa\Desktop\Universidad\TFG\benford-corruption\source\data\train\clean\_iyEqlFFrxU.mp4,train,clean,
C:\Users\hugoa\Desktop\Universidad\TFG\benford-corruption\source\data\train\clean\1TehKUav-20.mp4,train,clean,
C:\Users\hugoa\Desktop\Universidad\TFG\benford-corruption\source\data\train\clean\LmuS2GreXkc.mp4,train,clean,
C:\Users\hugoa\Desktop\Universidad\TFG\benford-corruption\source\data\train\clean\flojhQpCUWg.mp4,train,clean,
C:\Users\hugoa\Desktop\Universidad\TFG\benford-corruption\source\data\train\clean\ffPE0TTkCB4.mp4,train,clean,
C:\Users\hugoa\Desktop\Universidad\TFG\benford-corruption\source\data\train\clean\2gBacDt9k0Y.mp4,train,clean,
C:\Users\hugoa\Desktop\Universidad\TFG\benford-corruption\source\data\train\clean\_NoYbs1BxWs.mp4,train,clean,
C:\Users\hugoa\Desktop\Universidad\TFG\benford-corruption\source\data\train\clean\1_H3B3WCSXU.mp4,train,clean,
C:\Users\hugoa\Desktop\Universidad\TFG\benford-corruption\source\data\train\clean\G6rypz2CWDE.mp4,train,clean,
C:\Users\hugoa\Desktop\Universidad\TFG\benford-corruption\source\data\train\clean\05lCjHF7sg4.mp4,train,clean,
C:\Users\hugoa\Desktop\Universidad\TFG\benford-corruption\source\data\train\clean\0-P_FPa2820.mp4,train,clean,
C:\Users\hugoa\Desktop\Universidad\TFG\benford-corruption\source\data\train\clean\fQHSD6Q1ois.mp4,train,clean,
C:\Users\hugoa\Desktop\Universidad\TFG\benford-corruption\source\data\train\clean\1G-iF_ldr3A.mp4,train,clean,
C:\Users\hugoa\Desktop\Universidad\TFG\benford-corruption\source\data\train\clean\GsTh6alxJPk.mp4,train,clean,
C:\Users\hugoa\Desktop\Universidad\TFG\benford-corruption\source\data\train\clean\1RTQVuK8sHw.mp4,train,clean,
C:\Users\hugoa\Desktop\Universidad\TFG\benford-corruption\source\data\train\clean\LqMdp2WEsbY.mp4,train,clean,
C:\Users\hugoa\Desktop\Universidad\TFG\benford-corruption\source\data\train\clean\lV4r_8tHGAY.mp4,train,clean,
C:\Users\hugoa\Desktop\Universidad\TFG\benford-corruption\source\data\train\clean\0mF342HNPTE.mp4,train,clean,
C:\Users\hugoa\Desktop\Universidad\TFG\benford-corruption\source\data\train\clean\lrceZYtfTQk.mp4,train,clean,
C:\Users\hugoa\Desktop\Universidad\TFG\benford-corruption\source\data\train\clean\LS7973WE6b4.mp4,train,clean,
C:\Users\hugoa\Desktop\Universidad\TFG\benford-corruption\source\data\train\clean\54OeCiZcXQQ.mp4,train,clean,
C:\Users\hugoa\Desktop\Universidad\TFG\benford-corruption\source\data\train\clean\fo6pBl3CM7s.mp4,train,clean,
C:\Users\hugoa\Desktop\Universidad\TFG\benford-corruption\source\data\train\clean\2FHj17K-OUQ.mp4,train,clean,
C:\Users\hugoa\Desktop\Universidad\TFG\benford-corruption\source\data\train\clean\0wR5jVB-WPk.mp4,train,clean,
C:\Users\hugoa\Desktop\Universidad\TFG\benford-corruption\source\data\train\clean\2GjXVYEc7J8.mp4,train,clean,
C:\Users\hugoa\Desktop\Universidad\TFG\benford-corruption\source\data\train\clean\2df3WXQ8uoQ.mp4,train,clean,
C:\Users\hugoa\Desktop\Universidad\TFG\benford-corruption\source\data\train\clean\1DtmA7YAh9U.mp4,train,clean,
C:\Users\hugoa\Desktop\Universidad\TFG\benford-corruption\source\data\train\clean\fXe0Glo4iB4.mp4,train,clean,
C:\Users\hugoa\Desktop\Universidad\TFG\benford-corruption\source\data\train\clean\1MJFBGPRCow.mp4,train,clean,
C:\Users\hugoa\Desktop\Universidad\TFG\benford-corruption\source\data\train\clean\LUDJ_eqPE4E.mp4,train,clean,
C:\Users\hugoa\Desktop\Universidad\TFG\benford-corruption\source\data\train\clean\fy1QlMsxGqg.mp4,train,clean,
C:\Users\hugoa\Desktop\Universidad\TFG\benford-corruption\source\data\train\clean\fnoYbIMI69Y.mp4,train,clean,
C:\Users\hugoa\Desktop\Universidad\TFG\benford-corruption\source\data\train\clean\0A7w3A7444M.mp4,train,clean,
C:\Users\hugoa\Desktop\Universidad\TFG\benford-corruption\source\data\train\clean\ffzjdBcNSBY.mp4,train,clean,
C:\Users\hugoa\Desktop\Universidad\TFG\benford-corruption\source\data\train\clean\l-LPeSUYjz8.mp4,train,clean,
C:\Users\hugoa\Desktop\Universidad\TFG\benford-corruption\source\data\train\clean\0zbsWDsctMM.mp4,train,clean,
C:\Users\hugoa\Desktop\Universidad\TFG\benford-corruption\source\data\train\clean\__lt03EF4ao.mp4,train,clean,
C:\Users\hugoa\Desktop\Universidad\TFG\benford-corruption\source\data\train\clean\LPnaUudTalc.mp4,train,clean,
C:\Users\hugoa\Desktop\Universidad\TFG\benford-corruption\source\data\train\clean\LyUxflFUoFo.mp4,train,clean,
C:\Users\hugoa\Desktop\Universidad\TFG\benford-corruption\source\data\train\clean\LlDUh1aLSlM.mp4,train,clean,
C:\Users\hugoa\Desktop\Universidad\TFG\benford-corruption\source\data\train\clean\5Bllg23bKfY.mp4,train,clean,
C:\Users\hugoa\Desktop\Universidad\TFG\benford-corruption\source\data\train\clean\LtBEU2WVPzI.mp4,train,clean,
C:\Users\hugoa\Desktop\Universidad\TFG\benford-corruption\source\data\train\clean\1MkGBIeHNgY.mp4,train,clean,
C:\Users\hugoa\Desktop\Universidad\TFG\benford-corruption\source\data\train\clean\lZ03Bg64F-M.mp4,train,clean,
C:\Users\hugoa\Desktop\Universidad\TFG\benford-corruption\source\data\train\clean\G0cjkxBtpBg.mp4,train,clean,
C:\Users\hugoa\Desktop\Universidad\TFG\benford-corruption\source\data\train\clean\_hIHeayGu_A.mp4,train,clean,
C:\Users\hugoa\Desktop\Universidad\TFG\benford-corruption\source\data\train\clean\lumzQD42AN8.mp4,train,clean,
C:\Users\hugoa\Desktop\Universidad\TFG\benford-corruption\source\data\train\clean\fY_FYB-x6vc.mp4,train,clean,
C:\Users\hugoa\Desktop\Universidad\TFG\benford-corruption\source\data\train\clean\1Y1EURI2K4Q.mp4,train,clean,
C:\Users\hugoa\Desktop\Universidad\TFG\benford-corruption\source\data\train\clean\-LsQK3zOcwo.mp4,train,clean,
C:\Users\hugoa\Desktop\Universidad\TFG\benford-corruption\source\data\train\clean\1geCWsTcDlM.mp4,train,clean,
C:\Users\hugoa\Desktop\Universidad\TFG\benford-corruption\source\data\train\clean\LVtAb22UVfQ.mp4,train,clean,
C:\Users\hugoa\Desktop\Universidad\TFG\benford-corruption\source\data\train\clean\1U2kkbM70wo.mp4,train,clean,
C:\Users\hugoa\Desktop\Universidad\TFG\benford-corruption\source\data\train\clean\4vSXeIAudls.mp4,train,clean,
C:\Users\hugoa\Desktop\Universidad\TFG\benford-corruption\source\data\train\clean\1lyLAsZLxKQ.mp4,train,clean,
C:\Users\hugoa\Desktop\Universidad\TFG\benford-corruption\source\data\train\clean\0AkA2Ru9qG0.mp4,train,clean,
C:\Users\hugoa\Desktop\Universidad\TFG\benford-corruption\source\data\train\clean\1djw4VYHpqQ.mp4,train,clean,
C:\Users\hugoa\Desktop\Universidad\TFG\benford-corruption\source\data\train\clean\_ndsOaXb9-A.mp4,train,clean,
C:\Users\hugoa\Desktop\Universidad\TFG\benford-corruption\source\data\train\clean\G__lySaTeNM.mp4,train,clean,
C:\Users\hugoa\Desktop\Universidad\TFG\benford-corruption\source\data\train\clean\Gn3GtDKZZPQ.mp4,train,clean,
C:\Users\hugoa\Desktop\Universidad\TFG\benford-corruption\source\data\train\clean\GLkal49h2hs.mp4,train,clean,
C:\Users\hugoa\Desktop\Universidad\TFG\benford-corruption\source\data\train\clean\fpz4ttwst1U.mp4,train,clean,
C:\Users\hugoa\Desktop\Universidad\TFG\benford-corruption\source\data\train\clean\_2siVCR5EBs.mp4,train,clean,
C:\Users\hugoa\Desktop\Universidad\TFG\benford-corruption\source\data\train\clean\4SNjLULzAoY.mp4,train,clean,
C:\Users\hugoa\Desktop\Universidad\TFG\benford-corruption\source\data\train\clean\fmGpZz2dnUg.mp4,train,clean,
C:\Users\hugoa\Desktop\Universidad\TFG\benford-corruption\source\data\train\clean\5B6XRLOXS_c.mp4,train,clean,
C:\Users\hugoa\Desktop\Universidad\TFG\benford-corruption\source\data\train\clean\0tlSAcpc7_o.mp4,train,clean,
C:\Users\hugoa\Desktop\Universidad\TFG\benford-corruption\source\data\train\clean\lQOvNQHgoQs.mp4,train,clean,
C:\Users\hugoa\Desktop\Universidad\TFG\benford-corruption\source\data\train\clean\lymjAF8Yd_I.mp4,train,clean,
C:\Users\hugoa\Desktop\Universidad\TFG\benford-corruption\source\data\train\clean\1KsJ-NkGhuY.mp4,train,clean,
C:\Users\hugoa\Desktop\Universidad\TFG\benford-corruption\source\data\train\clean\LuQE44jD60c.mp4,train,clean,
C:\Users\hugoa\Desktop\Universidad\TFG\benford-corruption\source\data\train\clean\_fZNRQIXFoI.mp4,train,clean,
C:\Users\hugoa\Desktop\Universidad\TFG\benford-corruption\source\data\train\clean\1M7RcHl3hHU.mp4,train,clean,
C:\Users\hugoa\Desktop\Universidad\TFG\benford-corruption\source\data\train\clean\B2PYviO_MBw.mp4,train,clean,
C:\Users\hugoa\Desktop\Universidad\TFG\benford-corruption\source\data\train\clean\4xZ0rhHTqZo.mp4,train,clean,
C:\Users\hugoa\Desktop\Universidad\TFG\benford-corruption\source\data\train\clean\AWjfCxman6A.mp4,train,clean,
C:\Users\hugoa\Desktop\Universidad\TFG\benford-corruption\source\data\train\clean\4t7pnHuH8ck.mp4,train,clean,
C:\Users\hugoa\Desktop\Universidad\TFG\benford-corruption\source\data\train\clean\lnxw20mp3q8.mp4,train,clean,
C:\Users\hugoa\Desktop\Universidad\TFG\benford-corruption\source\data\train\clean\GOacl2g8Kjg.mp4,train,clean,
C:\Users\hugoa\Desktop\Universidad\TFG\benford-corruption\source\data\train\clean\0qb7N_CyrcM.mp4,train,clean,
C:\Users\hugoa\Desktop\Universidad\TFG\benford-corruption\source\data\train\clean\_6IdtK5juXM.mp4,train,clean,
C:\Users\hugoa\Desktop\Universidad\TFG\benford-corruption\source\data\train\clean\_04E5ylO7Vc.mp4,train,clean,
C:\Users\hugoa\Desktop\Universidad\TFG\benford-corruption\source\data\train\clean\0i5IfU3yOxg.mp4,train,clean,
C:\Users\hugoa\Desktop\Universidad\TFG\benford-corruption\source\data\train\clean\-BEDVAFocs0.mp4,train,clean,
C:\Users\hugoa\Desktop\Universidad\TFG\benford-corruption\source\data\train\clean\0lya888dgZ0.mp4,train,clean,
C:\Users\hugoa\Desktop\Universidad\TFG\benford-corruption\source\data\train\clean\0vdaD1aG8vg.mp4,train,clean,
C:\Users\hugoa\Desktop\Universidad\TFG\benford-corruption\source\data\train\clean\LMT6ZTLiZxY.mp4,train,clean,
C:\Users\hugoa\Desktop\Universidad\TFG\benford-corruption\source\data\train\clean\LSDNSbFZ_jQ.mp4,train,clean,
C:\Users\hugoa\Desktop\Universidad\TFG\benford-corruption\source\data\train\clean\LXjM7nBZcak.mp4,train,clean,
C:\Users\hugoa\Desktop\Universidad\TFG\benford-corruption\source\data\train\clean\BEEGTv3Eb30.mp4,train,clean,
C:\Users\hugoa\Desktop\Universidad\TFG\benford-corruption\source\data\train\clean\0_VY2tpUC_E.mp4,train,clean,
C:\Users\hugoa\Desktop\Universidad\TFG\benford-corruption\source\data\train\clean\2WgOKCYyL7g.mp4,train,clean,
C:\Users\hugoa\Desktop\Universidad\TFG\benford-corruption\source\data\train\clean\40Zp30_eucY.mp4,train,clean,
C:\Users\hugoa\Desktop\Universidad\TFG\benford-corruption\source\data\train\clean\lLUTwVgNrx8.mp4,train,clean,
C:\Users\hugoa\Desktop\Universidad\TFG\benford-corruption\source\data\train\clean\5bPlcd0w7uA.mp4,train,clean,
C:\Users\hugoa\Desktop\Universidad\TFG\benford-corruption\source\data\train\clean\_cE0yJ04jkQ.mp4,train,clean,
C:\Users\hugoa\Desktop\Universidad\TFG\benford-corruption\source\data\train\clean\1jlCIie7myQ.mp4,train,clean,
C:\Users\hugoa\Desktop\Universidad\TFG\benford-corruption\source\data\train\clean\_IrTDkCFrjA.mp4,train,clean,
C:\Users\hugoa\Desktop\Universidad\TFG\benford-corruption\source\data\train\clean\-1KtlEOx78I.mp4,train,clean,
C:\Users\hugoa\Desktop\Universidad\TFG\benford-corruption\source\data\train\clean\0N8szFGAmMw.mp4,train,clean,
C:\Users\hugoa\Desktop\Universidad\TFG\benford-corruption\source\data\train\clean\LOdmaK2lUJ8.mp4,train,clean,
C:\Users\hugoa\Desktop\Universidad\TFG\benford-corruption\source\data\train\clean\GUyTgGDMYtE.mp4,train,clean,
C:\Users\hugoa\Desktop\Universidad\TFG\benford-corruption\source\data\train\clean\FnLY_cMSO88.mp4,train,clean,
C:\Users\hugoa\Desktop\Universidad\TFG\benford-corruption\source\data\train\clean\lsTlczvvSsQ.mp4,train,clean,
C:\Users\hugoa\Desktop\Universidad\TFG\benford-corruption\source\data\train\clean\lyUFXGqCGO8.mp4,train,clean,
C:\Users\hugoa\Desktop\Universidad\TFG\benford-corruption\source\data\train\clean\lOBV4Vbk2d0.mp4,train,clean,
C:\Users\hugoa\Desktop\Universidad\TFG\benford-corruption\source\data\train\clean\4zpTIveqvL8.mp4,train,clean,
C:\Users\hugoa\Desktop\Universidad\TFG\benford-corruption\source\data\train\clean\0R_34yUPoTc.mp4,train,clean,
C:\Users\hugoa\Desktop\Universidad\TFG\benford-corruption\source\data\train\clean\Ls56e2MvHYE.mp4,train,clean,
C:\Users\hugoa\Desktop\Universidad\TFG\benford-corruption\source\data\train\clean\-02UO1KSdZ0.mp4,train,clean,
C:\Users\hugoa\Desktop\Universidad\TFG\benford-corruption\source\data\train\clean\LOcsLzoJ7Zo.mp4,train,clean,
C:\Users\hugoa\Desktop\Universidad\TFG\benford-corruption\source\data\train\clean\_3TcyjX2WQo.mp4,train,clean,
C:\Users\hugoa\Desktop\Universidad\TFG\benford-corruption\source\data\train\clean\1-h15Oze73U.mp4,train,clean,
C:\Users\hugoa\Desktop\Universidad\TFG\benford-corruption\source\data\train\clean\_5Mk3yxmVwY.mp4,train,clean,
C:\Users\hugoa\Desktop\Universidad\TFG\benford-corruption\source\data\train\clean\0iwGDbsDIkw.mp4,train,clean,
C:\Users\hugoa\Desktop\Universidad\TFG\benford-corruption\source\data\train\clean\1t5_fu6IRoQ.mp4,train,clean,
C:\Users\hugoa\Desktop\Universidad\TFG\benford-corruption\source\data\train\clean\FKpMyAoZNN0.mp4,train,clean,
C:\Users\hugoa\Desktop\Universidad\TFG\benford-corruption\source\data\train\clean\gog9Nyh9Gro.mp4,train,clean,
C:\Users\hugoa\Desktop\Universidad\TFG\benford-corruption\source\data\train\clean\LUYeniR40bE.mp4,train,clean,
C:\Users\hugoa\Desktop\Universidad\TFG\benford-corruption\source\data\train\clean\FxBlqdBGq-s.mp4,train,clean,
C:\Users\hugoa\Desktop\Universidad\TFG\benford-corruption\source\data\train\clean\2Z7cpbLCks4.mp4,train,clean,
C:\Users\hugoa\Desktop\Universidad\TFG\benford-corruption\source\data\train\clean\0wZpjStZtUY.mp4,train,clean,
C:\Users\hugoa\Desktop\Universidad\TFG\benford-corruption\source\data\train\clean\_Gjk4ryuAZ8.mp4,train,clean,
C:\Users\hugoa\Desktop\Universidad\TFG\benford-corruption\source\data\train\clean\_fsg32rNWqE.mp4,train,clean,
C:\Users\hugoa\Desktop\Universidad\TFG\benford-corruption\source\data\train\clean\-0Li7rc78jQ.mp4,train,clean,
C:\Users\hugoa\Desktop\Universidad\TFG\benford-corruption\source\data\train\clean\BEoXBFW5Yuw.mp4,train,clean,
C:\Users\hugoa\Desktop\Universidad\TFG\benford-corruption\source\data\train\clean\1X11ZC0IppQ.mp4,train,clean,
C:\Users\hugoa\Desktop\Universidad\TFG\benford-corruption\source\data\train\clean\_1156Nx0jrA.mp4,train,clean,
C:\Users\hugoa\Desktop\Universidad\TFG\benford-corruption\source\data\train\clean\-0ML-FXomBw.mp4,train,clean,
C:\Users\hugoa\Desktop\Universidad\TFG\benford-corruption\source\data\train\clean\fORZJioiswc.mp4,train,clean,
C:\Users\hugoa\Desktop\Universidad\TFG\benford-corruption\source\data\train\clean\G0Z4E1xDeEY.mp4,train,clean,
C:\Users\hugoa\Desktop\Universidad\TFG\benford-corruption\source\data\train\clean\1Vup5goTOyU.mp4,train,clean,
C:\Users\hugoa\Desktop\Universidad\TFG\benford-corruption\source\data\train\clean\1INSSQgdvuU.mp4,train,clean,
C:\Users\hugoa\Desktop\Universidad\TFG\benford-corruption\source\data\test\clean\-6I88CkC6iI.mp4,test,clean,
C:\Users\hugoa\Desktop\Universidad\TFG\benford-corruption\source\data\test\clean\1hnDIZGrBGE.mp4,test,clean,
C:\Users\hugoa\Desktop\Universidad\TFG\benford-corruption\source\data\test\clean\glbLotvZ3Ic.mp4,test,clean,
C:\Users\hugoa\Desktop\Universidad\TFG\benford-corruption\source\data\test\clean\LMGRuga2Y_Y.mp4,test,clean,
C:\Users\hugoa\Desktop\Universidad\TFG\benford-corruption\source\data\test\clean\0IPSrG2K83M.mp4,test,clean,
C:\Users\hugoa\Desktop\Universidad\TFG\benford-corruption\source\data\test\clean\9VT3lIeyPxc.mp4,test,clean,
C:\Users\hugoa\Desktop\Universidad\TFG\benford-corruption\source\data\test\clean\lNcJaWhCF3o.mp4,test,clean,
C:\Users\hugoa\Desktop\Universidad\TFG\benford-corruption\source\data\test\clean\_EE2bu1bzPU.mp4,test,clean,
C:\Users\hugoa\Desktop\Universidad\TFG\benford-corruption\source\data\test\clean\0Nr7AVRWCSo.mp4,test,clean,
C:\Users\hugoa\Desktop\Universidad\TFG\benford-corruption\source\data\test\clean\0Pv1zA8r9DE.mp4,test,clean,
C:\Users\hugoa\Desktop\Universidad\TFG\benford-corruption\source\data\test\clean\8mrLga6XIIk.mp4,test,clean,
C:\Users\hugoa\Desktop\Universidad\TFG\benford-corruption\source\data\test\clean\_HC8gu879T8.mp4,test,clean,
C:\Users\hugoa\Desktop\Universidad\TFG\benford-corruption\source\data\test\clean\0XHT4ID7Wkk.mp4,test,clean,
C:\Users\hugoa\Desktop\Universidad\TFG\benford-corruption\source\data\test\clean\G_J5cATQRls.mp4,test,clean,
C:\Users\hugoa\Desktop\Universidad\TFG\benford-corruption\source\data\test\clean\fPwIxLuugmU.mp4,test,clean,
C:\Users\hugoa\Desktop\Universidad\TFG\benford-corruption\source\data\test\clean\FX-MM3_kMrk.mp4,test,clean,
C:\Users\hugoa\Desktop\Universidad\TFG\benford-corruption\source\data\test\clean\GgkZrY0WGU4.mp4,test,clean,
C:\Users\hugoa\Desktop\Universidad\TFG\benford-corruption\source\data\test\clean\fgcAbiWYgL0.mp4,test,clean,
C:\Users\hugoa\Desktop\Universidad\TFG\benford-corruption\source\data\test\clean\1dhlHTnoWBw.mp4,test,clean,
C:\Users\hugoa\Desktop\Universidad\TFG\benford-corruption\source\data\test\clean\1uQzOwAX03E.mp4,test,clean,
C:\Users\hugoa\Desktop\Universidad\TFG\benford-corruption\source\data\test\clean\G0H7Ci13xjM.mp4,test,clean,
C:\Users\hugoa\Desktop\Universidad\TFG\benford-corruption\source\data\test\clean\BCgFPj0lLFg.mp4,test,clean,
C:\Users\hugoa\Desktop\Universidad\TFG\benford-corruption\source\data\test\clean\4yhtzVyPO8w.mp4,test,clean,
C:\Users\hugoa\Desktop\Universidad\TFG\benford-corruption\source\data\test\clean\_6U6dGuCVNk.mp4,test,clean,
C:\Users\hugoa\Desktop\Universidad\TFG\benford-corruption\source\data\test\clean\5AezTDJhlDI.mp4,test,clean,
C:\Users\hugoa\Desktop\Universidad\TFG\benford-corruption\source\data\test\clean\0OGDlNNH14Y.mp4,test,clean,
C:\Users\hugoa\Desktop\Universidad\TFG\benford-corruption\source\data\test\clean\g6QGSmlItjg.mp4,test,clean,
C:\Users\hugoa\Desktop\Universidad\TFG\benford-corruption\source\data\test\clean\1G9LS4XXJrU.mp4,test,clean,
C:\Users\hugoa\Desktop\Universidad\TFG\benford-corruption\source\data\test\clean\FWx9d8nPnJY.mp4,test,clean,
C:\Users\hugoa\Desktop\Universidad\TFG\benford-corruption\source\data\test\clean\1ZV3JtdYAmg.mp4,test,clean,
C:\Users\hugoa\Desktop\Universidad\TFG\benford-corruption\source\data\test\clean\-1QTRLQSzhQ.mp4,test,clean,
C:\Users\hugoa\Desktop\Universidad\TFG\benford-corruption\source\data\test\clean\glcVei9aPXY.mp4,test,clean,
C:\Users\hugoa\Desktop\Universidad\TFG\benford-corruption\source\data\test\clean\g1z6ncPMfD4.mp4,test,clean,
C:\Users\hugoa\Desktop\Universidad\TFG\benford-corruption\source\data\test\clean\Lti-qXl2fXc.mp4,test,clean,
C:\Users\hugoa\Desktop\Universidad\TFG\benford-corruption\source\data\test\clean\GTuVrC3EsVA.mp4,test,clean,
C:\Users\hugoa\Desktop\Universidad\TFG\benford-corruption\source\data\test\clean\02hk_9H_5hQ.mp4,test,clean,
C:\Users\hugoa\Desktop\Universidad\TFG\benford-corruption\source\data\test\clean\_Bl5zZ30aGk.mp4,test,clean,
C:\Users\hugoa\Desktop\Universidad\TFG\benford-corruption\source\data\test\clean\0AGn9PM_7xg.mp4,test,clean,
C:\Users\hugoa\Desktop\Universidad\TFG\benford-corruption\source\data\test\clean\Glv-SLEJRpM.mp4,test,clean,
C:\Users\hugoa\Desktop\Universidad\TFG\benford-corruption\source\data\test\clean\25OsrlLrM34.mp4,test,clean,
C:\Users\hugoa\Desktop\Universidad\TFG\benford-corruption\source\data\test\clean\_ebcuq_qItc.mp4,test,clean,
C:\Users\hugoa\Desktop\Universidad\TFG\benford-corruption\source\data\test\clean\1kD164TFNK0.mp4,test,clean,
C:\Users\hugoa\Desktop\Universidad\TFG\benford-corruption\source\data\test\clean\Lq7VfhldoQA.mp4,test,clean,
C:\Users\hugoa\Desktop\Universidad\TFG\benford-corruption\source\data\test\clean\_UmB9xukc7w.mp4,test,clean,
C:\Users\hugoa\Desktop\Universidad\TFG\benford-corruption\source\data\test\clean\1fBqwvl99DQ.mp4,test,clean,
C:\Users\hugoa\Desktop\Universidad\TFG\benford-corruption\source\data\test\clean\lrKPRZmyhX0.mp4,test,clean,
C:\Users\hugoa\Desktop\Universidad\TFG\benford-corruption\source\data\test\clean\LXrKzwLvb3k.mp4,test,clean,
C:\Users\hugoa\Desktop\Universidad\TFG\benford-corruption\source\data\test\clean\LXKy7pDSX34.mp4,test,clean,
C:\Users\hugoa\Desktop\Universidad\TFG\benford-corruption\source\data\test\clean\lnGe0IotDM0.mp4,test,clean,
C:\Users\hugoa\Desktop\Universidad\TFG\benford-corruption\source\data\test\clean\4Zcjoek-1-4.mp4,test,clean,
C:\Users\hugoa\Desktop\Universidad\TFG\benford-corruption\source\data\train\corrupted\level1\1Pw02jqAhBM.mp4,train,corrupted,level1
C:\Users\hugoa\Desktop\Universidad\TFG\benford-corruption\source\data\train\corrupted\level1\1SH8KitF5Qo.mp4,train,corrupted,level1
C:\Users\hugoa\Desktop\Universidad\TFG\benford-corruption\source\data\train\corrupted\level1\lvwbZ5HKaq0.mp4,train,corrupted,level1
C:\Users\hugoa\Desktop\Universidad\TFG\benford-corruption\source\data\train\corrupted\level1\0oIJWn9IUwM.mp4,train,corrupted,level1
C:\Users\hugoa\Desktop\Universidad\TFG\benford-corruption\source\data\train\corrupted\level1\48T4zmzbB2c.mp4,train,corrupted,level1
C:\Users\hugoa\Desktop\Universidad\TFG\benford-corruption\source\data\train\corrupted\level1\8f0U0oGyugQ.mp4,train,corrupted,level1
C:\Users\hugoa\Desktop\Universidad\TFG\benford-corruption\source\data\train\corrupted\level1\4twUGTxkb2E.mp4,train,corrupted,level1
C:\Users\hugoa\Desktop\Universidad\TFG\benford-corruption\source\data\train\corrupted\level1\1AlH6EMWtgg.mp4,train,corrupted,level1
C:\Users\hugoa\Desktop\Universidad\TFG\benford-corruption\source\data\train\corrupted\level1\0L8ZcrRtFxI.mp4,train,corrupted,level1
C:\Users\hugoa\Desktop\Universidad\TFG\benford-corruption\source\data\train\corrupted\level1\GuDFD9qmXkY.mp4,train,corrupted,level1
C:\Users\hugoa\Desktop\Universidad\TFG\benford-corruption\source\data\train\corrupted\level1\6PqipkA_7Rk.mp4,train,corrupted,level1
C:\Users\hugoa\Desktop\Universidad\TFG\benford-corruption\source\data\train\corrupted\level1\1Z8K5-SzM4I.mp4,train,corrupted,level1
C:\Users\hugoa\Desktop\Universidad\TFG\benford-corruption\source\data\train\corrupted\level1\Ls5n1KFnpeU.mp4,train,corrupted,level1
C:\Users\hugoa\Desktop\Universidad\TFG\benford-corruption\source\data\train\corrupted\level1\0zLwI2npV9I.mp4,train,corrupted,level1
C:\Users\hugoa\Desktop\Universidad\TFG\benford-corruption\source\data\train\corrupted\level1\GgOCTNRyCpg.mp4,train,corrupted,level1
C:\Users\hugoa\Desktop\Universidad\TFG\benford-corruption\source\data\train\corrupted\level1\1BZimTjp8CE.mp4,train,corrupted,level1
C:\Users\hugoa\Desktop\Universidad\TFG\benford-corruption\source\data\train\corrupted\level1\guyXy9Z_8GQ.mp4,train,corrupted,level1
C:\Users\hugoa\Desktop\Universidad\TFG\benford-corruption\source\data\train\corrupted\level1\4x0kKZY_IhE.mp4,train,corrupted,level1
C:\Users\hugoa\Desktop\Universidad\TFG\benford-corruption\source\data\train\corrupted\level1\lLLxi_wGOZc.mp4,train,corrupted,level1
C:\Users\hugoa\Desktop\Universidad\TFG\benford-corruption\source\data\train\corrupted\level1\Lvku6hKqCQ8.mp4,train,corrupted,level1
C:\Users\hugoa\Desktop\Universidad\TFG\benford-corruption\source\data\train\corrupted\level1\lRn9DC8yo7M.mp4,train,corrupted,level1
C:\Users\hugoa\Desktop\Universidad\TFG\benford-corruption\source\data\train\corrupted\level1\1y5ugFpZOyo.mp4,train,corrupted,level1
C:\Users\hugoa\Desktop\Universidad\TFG\benford-corruption\source\data\train\corrupted\level1\b5KPzDF6lEg.mp4,train,corrupted,level1
C:\Users\hugoa\Desktop\Universidad\TFG\benford-corruption\source\data\train\corrupted\level1\-FPZjV_G6LU.mp4,train,corrupted,level1
C:\Users\hugoa\Desktop\Universidad\TFG\benford-corruption\source\data\train\corrupted\level1\lw0hnkIDV08.mp4,train,corrupted,level1
C:\Users\hugoa\Desktop\Universidad\TFG\benford-corruption\source\data\train\corrupted\level1\1CsdGt3DM7g.mp4,train,corrupted,level1
C:\Users\hugoa\Desktop\Universidad\TFG\benford-corruption\source\data\train\corrupted\level1\G6t03xhx8xM.mp4,train,corrupted,level1
C:\Users\hugoa\Desktop\Universidad\TFG\benford-corruption\source\data\train\corrupted\level1\0zeq-hN8X-U.mp4,train,corrupted,level1
C:\Users\hugoa\Desktop\Universidad\TFG\benford-corruption\source\data\train\corrupted\level1\lTEVCapObXA.mp4,train,corrupted,level1
C:\Users\hugoa\Desktop\Universidad\TFG\benford-corruption\source\data\train\corrupted\level1\4XeeI5868Y4.mp4,train,corrupted,level1
C:\Users\hugoa\Desktop\Universidad\TFG\benford-corruption\source\data\train\corrupted\level1\0-NbSopwDlk.mp4,train,corrupted,level1
C:\Users\hugoa\Desktop\Universidad\TFG\benford-corruption\source\data\train\corrupted\level1\lpIfFZL9idM.mp4,train,corrupted,level1
C:\Users\hugoa\Desktop\Universidad\TFG\benford-corruption\source\data\train\corrupted\level1\lrH9-JpYtFo.mp4,train,corrupted,level1
C:\Users\hugoa\Desktop\Universidad\TFG\benford-corruption\source\data\train\corrupted\level1\6pt981rWjLE.mp4,train,corrupted,level1
C:\Users\hugoa\Desktop\Universidad\TFG\benford-corruption\source\data\train\corrupted\level1\ghTXwIVvwpI.mp4,train,corrupted,level1
C:\Users\hugoa\Desktop\Universidad\TFG\benford-corruption\source\data\train\corrupted\level1\LyFCUCuu2d0.mp4,train,corrupted,level1
C:\Users\hugoa\Desktop\Universidad\TFG\benford-corruption\source\data\train\corrupted\level1\_PwXWcCPrGA.mp4,train,corrupted,level1
C:\Users\hugoa\Desktop\Universidad\TFG\benford-corruption\source\data\train\corrupted\level1\4YyKnUMQ9PU.mp4,train,corrupted,level1
C:\Users\hugoa\Desktop\Universidad\TFG\benford-corruption\source\data\train\corrupted\level1\GMY_fchm0k4.mp4,train,corrupted,level1
C:\Users\hugoa\Desktop\Universidad\TFG\benford-corruption\source\data\train\corrupted\level1\G7FXsSJHd9E.mp4,train,corrupted,level1
C:\Users\hugoa\Desktop\Universidad\TFG\benford-corruption\source\data\train\corrupted\level1\1H1bso6CcwI.mp4,train,corrupted,level1
C:\Users\hugoa\Desktop\Universidad\TFG\benford-corruption\source\data\train\corrupted\level1\4y0Woq2cJZU.mp4,train,corrupted,level1
C:\Users\hugoa\Desktop\Universidad\TFG\benford-corruption\source\data\train\corrupted\level1\-5_5NtrU9zI.mp4,train,corrupted,level1
C:\Users\hugoa\Desktop\Universidad\TFG\benford-corruption\source\data\train\corrupted\level1\1f1GgvbqPhU.mp4,train,corrupted,level1
C:\Users\hugoa\Desktop\Universidad\TFG\benford-corruption\source\data\train\corrupted\level1\Lyu1oyQs7BU.mp4,train,corrupted,level1
C:\Users\hugoa\Desktop\Universidad\TFG\benford-corruption\source\data\train\corrupted\level1\4YpdYssZHRY.mp4,train,corrupted,level1
C:\Users\hugoa\Desktop\Universidad\TFG\benford-corruption\source\data\train\corrupted\level1\lyYXMp5q6ys.mp4,train,corrupted,level1
C:\Users\hugoa\Desktop\Universidad\TFG\benford-corruption\source\data\train\corrupted\level1\GN9WSehaKhI.mp4,train,corrupted,level1
C:\Users\hugoa\Desktop\Universidad\TFG\benford-corruption\source\data\train\corrupted\level1\_3l3WdE36TI.mp4,train,corrupted,level1
C:\Users\hugoa\Desktop\Universidad\TFG\benford-corruption\source\data\train\corrupted\level1\_byZSlkIXyA.mp4,train,corrupted,level1
C:\Users\hugoa\Desktop\Universidad\TFG\benford-corruption\source\data\train\corrupted\level1\lmn_PczIHHo.mp4,train,corrupted,level1
C:\Users\hugoa\Desktop\Universidad\TFG\benford-corruption\source\data\train\corrupted\level1\2fpr8wtncBo.mp4,train,corrupted,level1
C:\Users\hugoa\Desktop\Universidad\TFG\benford-corruption\source\data\train\corrupted\level1\0nUPTYMEcbI.mp4,train,corrupted,level1
C:\Users\hugoa\Desktop\Universidad\TFG\benford-corruption\source\data\train\corrupted\level1\0iSjGako8Sg.mp4,train,corrupted,level1
C:\Users\hugoa\Desktop\Universidad\TFG\benford-corruption\source\data\train\corrupted\level1\6PTcHCA6Yr8.mp4,train,corrupted,level1
C:\Users\hugoa\Desktop\Universidad\TFG\benford-corruption\source\data\train\corrupted\level1\1HEsa5SjDWQ.mp4,train,corrupted,level1
C:\Users\hugoa\Desktop\Universidad\TFG\benford-corruption\source\data\train\corrupted\level1\Lrpl7TWVAOc.mp4,train,corrupted,level1
C:\Users\hugoa\Desktop\Universidad\TFG\benford-corruption\source\data\train\corrupted\level1\ffX7jCXs9sY.mp4,train,corrupted,level1
C:\Users\hugoa\Desktop\Universidad\TFG\benford-corruption\source\data\train\corrupted\level1\_M1NA9e8ajQ.mp4,train,corrupted,level1
C:\Users\hugoa\Desktop\Universidad\TFG\benford-corruption\source\data\train\corrupted\level1\FWMRjeShr3M.mp4,train,corrupted,level1
C:\Users\hugoa\Desktop\Universidad\TFG\benford-corruption\source\data\train\corrupted\level1\39Hvdi-q6qI.mp4,train,corrupted,level1
C:\Users\hugoa\Desktop\Universidad\TFG\benford-corruption\source\data\train\corrupted\level1\1AxGI4tOVLk.mp4,train,corrupted,level1
C:\Users\hugoa\Desktop\Universidad\TFG\benford-corruption\source\data\train\corrupted\level1\lVmBk_5ePYk.mp4,train,corrupted,level1
C:\Users\hugoa\Desktop\Universidad\TFG\benford-corruption\source\data\train\corrupted\level1\1BY6Or0u680.mp4,train,corrupted,level1
C:\Users\hugoa\Desktop\Universidad\TFG\benford-corruption\source\data\train\corrupted\level1\0r7kaVVXPbE.mp4,train,corrupted,level1
C:\Users\hugoa\Desktop\Universidad\TFG\benford-corruption\source\data\train\corrupted\level1\lMn2pmEkt0o.mp4,train,corrupted,level1
C:\Users\hugoa\Desktop\Universidad\TFG\benford-corruption\source\data\train\corrupted\level1\LTHLzLFKMsQ.mp4,train,corrupted,level1
C:\Users\hugoa\Desktop\Universidad\TFG\benford-corruption\source\data\test\corrupted\level1\4vv-m4xCVbc.mp4,test,corrupted,level1
C:\Users\hugoa\Desktop\Universidad\TFG\benford-corruption\source\data\test\corrupted\level1\2CtUf-Oj2a4.mp4,test,corrupted,level1
C:\Users\hugoa\Desktop\Universidad\TFG\benford-corruption\source\data\test\corrupted\level1\_2hHyXxsyFo.mp4,test,corrupted,level1
C:\Users\hugoa\Desktop\Universidad\TFG\benford-corruption\source\data\test\corrupted\level1\Ls6zQoV24-g.mp4,test,corrupted,level1
C:\Users\hugoa\Desktop\Universidad\TFG\benford-corruption\source\data\test\corrupted\level1\goeDWOVL95g.mp4,test,corrupted,level1
C:\Users\hugoa\Desktop\Universidad\TFG\benford-corruption\source\data\test\corrupted\level1\0HydDezkSU0.mp4,test,corrupted,level1
C:\Users\hugoa\Desktop\Universidad\TFG\benford-corruption\source\data\test\corrupted\level1\_He78Y4jsbA.mp4,test,corrupted,level1
C:\Users\hugoa\Desktop\Universidad\TFG\benford-corruption\source\data\test\corrupted\level1\0skuNPhX44s.mp4,test,corrupted,level1
C:\Users\hugoa\Desktop\Universidad\TFG\benford-corruption\source\data\test\corrupted\level1\0N3bmU-kCPI.mp4,test,corrupted,level1
C:\Users\hugoa\Desktop\Universidad\TFG\benford-corruption\source\data\test\corrupted\level1\-0NQHRndkPI.mp4,test,corrupted,level1
C:\Users\hugoa\Desktop\Universidad\TFG\benford-corruption\source\data\test\corrupted\level1\lmEbGdDFuyE.mp4,test,corrupted,level1
C:\Users\hugoa\Desktop\Universidad\TFG\benford-corruption\source\data\test\corrupted\level1\4sfsJZPaZy8.mp4,test,corrupted,level1
C:\Users\hugoa\Desktop\Universidad\TFG\benford-corruption\source\data\test\corrupted\level1\2yxzAxbYsI8.mp4,test,corrupted,level1
C:\Users\hugoa\Desktop\Universidad\TFG\benford-corruption\source\data\test\corrupted\level1\GTREdmWoZhI.mp4,test,corrupted,level1
C:\Users\hugoa\Desktop\Universidad\TFG\benford-corruption\source\data\test\corrupted\level1\GnAEF4SBvZE.mp4,test,corrupted,level1
C:\Users\hugoa\Desktop\Universidad\TFG\benford-corruption\source\data\test\corrupted\level1\4TfpfZPfM9s.mp4,test,corrupted,level1
C:\Users\hugoa\Desktop\Universidad\TFG\benford-corruption\source\data\test\corrupted\level1\1svbHIV88gk.mp4,test,corrupted,level1
C:\Users\hugoa\Desktop\Universidad\TFG\benford-corruption\source\data\train\corrupted\level2\_uzL32O8dCQ.mp4,train,corrupted,level2
C:\Users\hugoa\Desktop\Universidad\TFG\benford-corruption\source\data\train\corrupted\level2\fQ1DTOzblEU.mp4,train,corrupted,level2
C:\Users\hugoa\Desktop\Universidad\TFG\benford-corruption\source\data\train\corrupted\level2\_mutUc8IVjc.mp4,train,corrupted,level2
C:\Users\hugoa\Desktop\Universidad\TFG\benford-corruption\source\data\train\corrupted\level2\_UoN-y6SzjI.mp4,train,corrupted,level2
C:\Users\hugoa\Desktop\Universidad\TFG\benford-corruption\source\data\train\corrupted\level2\6LRyu5m7_9M.mp4,train,corrupted,level2
C:\Users\hugoa\Desktop\Universidad\TFG\benford-corruption\source\data\train\corrupted\level2\1L6K6TwLJl0.mp4,train,corrupted,level2
C:\Users\hugoa\Desktop\Universidad\TFG\benford-corruption\source\data\train\corrupted\level2\-agICx2hVmM.mp4,train,corrupted,level2
C:\Users\hugoa\Desktop\Universidad\TFG\benford-corruption\source\data\train\corrupted\level2\lqXDA8aiEsw.mp4,train,corrupted,level2
C:\Users\hugoa\Desktop\Universidad\TFG\benford-corruption\source\data\train\corrupted\level2\-2GJPqAglxU.mp4,train,corrupted,level2
C:\Users\hugoa\Desktop\Universidad\TFG\benford-corruption\source\data\train\corrupted\level2\fl56tjPytbY.mp4,train,corrupted,level2
C:\Users\hugoa\Desktop\Universidad\TFG\benford-corruption\source\data\train\corrupted\level2\LuAQrdOlG1E.mp4,train,corrupted,level2
C:\Users\hugoa\Desktop\Universidad\TFG\benford-corruption\source\data\train\corrupted\level2\FSjXATv9xhc.mp4,train,corrupted,level2
C:\Users\hugoa\Desktop\Universidad\TFG\benford-corruption\source\data\train\corrupted\level2\_H2i8mMaXAE.mp4,train,corrupted,level2
C:\Users\hugoa\Desktop\Universidad\TFG\benford-corruption\source\data\train\corrupted\level2\LOJKWSLyr6Q.mp4,train,corrupted,level2
C:\Users\hugoa\Desktop\Universidad\TFG\benford-corruption\source\data\train\corrupted\level2\1pWCgNggH5M.mp4,train,corrupted,level2
C:\Users\hugoa\Desktop\Universidad\TFG\benford-corruption\source\data\train\corrupted\level2\4W9rbggaz20.mp4,train,corrupted,level2
C:\Users\hugoa\Desktop\Universidad\TFG\benford-corruption\source\data\train\corrupted\level2\LtyARSQwaC0.mp4,train,corrupted,level2
C:\Users\hugoa\Desktop\Universidad\TFG\benford-corruption\source\data\train\corrupted\level2\_C5Xq0pr56A.mp4,train,corrupted,level2
C:\Users\hugoa\Desktop\Universidad\TFG\benford-corruption\source\data\train\corrupted\level2\_iO190LumRg.mp4,train,corrupted,level2
C:\Users\hugoa\Desktop\Universidad\TFG\benford-corruption\source\data\train\corrupted\level2\GUj0Lupv3tM.mp4,train,corrupted,level2
C:\Users\hugoa\Desktop\Universidad\TFG\benford-corruption\source\data\train\corrupted\level2\1Q-E6UW1XE8.mp4,train,corrupted,level2
C:\Users\hugoa\Desktop\Universidad\TFG\benford-corruption\source\data\train\corrupted\level2\1Ld9WmSz1xc.mp4,train,corrupted,level2
C:\Users\hugoa\Desktop\Universidad\TFG\benford-corruption\source\data\train\corrupted\level2\2dvIGGnC-LQ.mp4,train,corrupted,level2
C:\Users\hugoa\Desktop\Universidad\TFG\benford-corruption\source\data\train\corrupted\level2\0qRzxa4Ny5c.mp4,train,corrupted,level2
C:\Users\hugoa\Desktop\Universidad\TFG\benford-corruption\source\data\train\corrupted\level2\lRNbT_tv8Io.mp4,train,corrupted,level2
C:\Users\hugoa\Desktop\Universidad\TFG\benford-corruption\source\data\train\corrupted\level2\1NurnX9_lzM.mp4,train,corrupted,level2
C:\Users\hugoa\Desktop\Universidad\TFG\benford-corruption\source\data\train\corrupted\level2\lud2TlQ24jw.mp4,train,corrupted,level2
C:\Users\hugoa\Desktop\Universidad\TFG\benford-corruption\source\data\train\corrupted\level2\g-onpXcXseM.mp4,train,corrupted,level2
C:\Users\hugoa\Desktop\Universidad\TFG\benford-corruption\source\data\train\corrupted\level2\fjKwPsk_tSQ.mp4,train,corrupted,level2
C:\Users\hugoa\Desktop\Universidad\TFG\benford-corruption\source\data\train\corrupted\level2\9tY3yo25xUQ.mp4,train,corrupted,level2
C:\Users\hugoa\Desktop\Universidad\TFG\benford-corruption\source\data\train\corrupted\level2\0TPxcKUNxbA.mp4,train,corrupted,level2
C:\Users\hugoa\Desktop\Universidad\TFG\benford-corruption\source\data\train\corrupted\level2\_7hRHaRdCi8.mp4,train,corrupted,level2
C:\Users\hugoa\Desktop\Universidad\TFG\benford-corruption\source\data\train\corrupted\level2\LwDfbxnWLk8.mp4,train,corrupted,level2
C:\Users\hugoa\Desktop\Universidad\TFG\benford-corruption\source\data\train\corrupted\level2\-2Fv5u2YO5s.mp4,train,corrupted,level2
C:\Users\hugoa\Desktop\Universidad\TFG\benford-corruption\source\data\train\corrupted\level2\-1AV2VguEDw.mp4,train,corrupted,level2
C:\Users\hugoa\Desktop\Universidad\TFG\benford-corruption\source\data\train\corrupted\level2\Fkm2mGhVc28.mp4,train,corrupted,level2
C:\Users\hugoa\Desktop\Universidad\TFG\benford-corruption\source\data\train\corrupted\level2\fLDYtJ5oqMM.mp4,train,corrupted,level2
C:\Users\hugoa\Desktop\Universidad\TFG\benford-corruption\source\data\train\corrupted\level2\1M37VLYmSA4.mp4,train,corrupted,level2
C:\Users\hugoa\Desktop\Universidad\TFG\benford-corruption\source\data\train\corrupted\level2\4RRZYsepamM.mp4,train,corrupted,level2
C:\Users\hugoa\Desktop\Universidad\TFG\benford-corruption\source\data\train\corrupted\level2\_JZQVii5RMc.mp4,train,corrupted,level2
C:\Users\hugoa\Desktop\Universidad\TFG\benford-corruption\source\data\train\corrupted\level2\guc6ZYTPj4s.mp4,train,corrupted,level2
C:\Users\hugoa\Desktop\Universidad\TFG\benford-corruption\source\data\train\corrupted\level2\_6Xp_ymM0Lg.mp4,train,corrupted,level2
C:\Users\hugoa\Desktop\Universidad\TFG\benford-corruption\source\data\train\corrupted\level2\5aDiaxOpYYY.mp4,train,corrupted,level2
C:\Users\hugoa\Desktop\Universidad\TFG\benford-corruption\source\data\train\corrupted\level2\LXgWL-xArYM.mp4,train,corrupted,level2
C:\Users\hugoa\Desktop\Universidad\TFG\benford-corruption\source\data\train\corrupted\level2\_cPET9N-1z0.mp4,train,corrupted,level2
C:\Users\hugoa\Desktop\Universidad\TFG\benford-corruption\source\data\train\corrupted\level2\-0TvmZ9L0ho.mp4,train,corrupted,level2
C:\Users\hugoa\Desktop\Universidad\TFG\benford-corruption\source\data\train\corrupted\level2\7vBsikhfs6M.mp4,train,corrupted,level2
C:\Users\hugoa\Desktop\Universidad\TFG\benford-corruption\source\data\train\corrupted\level2\02K4QYwUR6k.mp4,train,corrupted,level2
C:\Users\hugoa\Desktop\Universidad\TFG\benford-corruption\source\data\train\corrupted\level2\1tVdeA7tJpk.mp4,train,corrupted,level2
C:\Users\hugoa\Desktop\Universidad\TFG\benford-corruption\source\data\train\corrupted\level2\LNzK-tHcxxU.mp4,train,corrupted,level2
C:\Users\hugoa\Desktop\Universidad\TFG\benford-corruption\source\data\train\corrupted\level2\Lyl1RjqZMNk.mp4,train,corrupted,level2
C:\Users\hugoa\Desktop\Universidad\TFG\benford-corruption\source\data\train\corrupted\level2\fwtFW-mWu5w.mp4,train,corrupted,level2
C:\Users\hugoa\Desktop\Universidad\TFG\benford-corruption\source\data\train\corrupted\level2\1ejgHKw8E3Y.mp4,train,corrupted,level2
C:\Users\hugoa\Desktop\Universidad\TFG\benford-corruption\source\data\train\corrupted\level2\0QU1CMeczKs.mp4,train,corrupted,level2
C:\Users\hugoa\Desktop\Universidad\TFG\benford-corruption\source\data\train\corrupted\level2\GP8cLcCDbVQ.mp4,train,corrupted,level2
C:\Users\hugoa\Desktop\Universidad\TFG\benford-corruption\source\data\train\corrupted\level2\0aqVBIiRZAE.mp4,train,corrupted,level2
C:\Users\hugoa\Desktop\Universidad\TFG\benford-corruption\source\data\train\corrupted\level2\FkflS-roksk.mp4,train,corrupted,level2
C:\Users\hugoa\Desktop\Universidad\TFG\benford-corruption\source\data\train\corrupted\level2\1TbqMvRphII.mp4,train,corrupted,level2
C:\Users\hugoa\Desktop\Universidad\TFG\benford-corruption\source\data\train\corrupted\level2\gtfY2jotzkY.mp4,train,corrupted,level2
C:\Users\hugoa\Desktop\Universidad\TFG\benford-corruption\source\data\train\corrupted\level2\1ZWgSgfV_0k.mp4,train,corrupted,level2
C:\Users\hugoa\Desktop\Universidad\TFG\benford-corruption\source\data\train\corrupted\level2\FnbrvKMwJFc.mp4,train,corrupted,level2
C:\Users\hugoa\Desktop\Universidad\TFG\benford-corruption\source\data\train\corrupted\level2\0yNXOIqJLtA.mp4,train,corrupted,level2
C:\Users\hugoa\Desktop\Universidad\TFG\benford-corruption\source\data\train\corrupted\level2\g0NmCwrReIQ.mp4,train,corrupted,level2
C:\Users\hugoa\Desktop\Universidad\TFG\benford-corruption\source\data\train\corrupted\level2\6PKCnN1GEjQ.mp4,train,corrupted,level2
C:\Users\hugoa\Desktop\Universidad\TFG\benford-corruption\source\data\train\corrupted\level2\G7HxOT0Bioo.mp4,train,corrupted,level2
C:\Users\hugoa\Desktop\Universidad\TFG\benford-corruption\source\data\train\corrupted\level2\5_nfL6n9Skg.mp4,train,corrupted,level2
C:\Users\hugoa\Desktop\Universidad\TFG\benford-corruption\source\data\test\corrupted\level2\1v6woEPeY1A.mp4,test,corrupted,level2
C:\Users\hugoa\Desktop\Universidad\TFG\benford-corruption\source\data\test\corrupted\level2\gsvsIZR-POY.mp4,test,corrupted,level2
C:\Users\hugoa\Desktop\Universidad\TFG\benford-corruption\source\data\test\corrupted\level2\lN5YXmIz2QI.mp4,test,corrupted,level2
C:\Users\hugoa\Desktop\Universidad\TFG\benford-corruption\source\data\test\corrupted\level2\1cj3bQAsrdw.mp4,test,corrupted,level2
C:\Users\hugoa\Desktop\Universidad\TFG\benford-corruption\source\data\test\corrupted\level2\1-Ib4KHQG_o.mp4,test,corrupted,level2
C:\Users\hugoa\Desktop\Universidad\TFG\benford-corruption\source\data\test\corrupted\level2\2bRXcLakTZQ.mp4,test,corrupted,level2
C:\Users\hugoa\Desktop\Universidad\TFG\benford-corruption\source\data\test\corrupted\level2\4TxKHJKa4p8.mp4,test,corrupted,level2
C:\Users\hugoa\Desktop\Universidad\TFG\benford-corruption\source\data\test\corrupted\level2\_9VGfxbuZLQ.mp4,test,corrupted,level2
C:\Users\hugoa\Desktop\Universidad\TFG\benford-corruption\source\data\test\corrupted\level2\2fKMuJP3_eo.mp4,test,corrupted,level2
C:\Users\hugoa\Desktop\Universidad\TFG\benford-corruption\source\data\test\corrupted\level2\0wHOYxjRmlw.mp4,test,corrupted,level2
C:\Users\hugoa\Desktop\Universidad\TFG\benford-corruption\source\data\test\corrupted\level2\02EEyBC8aac.mp4,test,corrupted,level2
C:\Users\hugoa\Desktop\Universidad\TFG\benford-corruption\source\data\test\corrupted\level2\LNiwjEVuPAg.mp4,test,corrupted,level2
C:\Users\hugoa\Desktop\Universidad\TFG\benford-corruption\source\data\test\corrupted\level2\0xTPF7ePX5c.mp4,test,corrupted,level2
C:\Users\hugoa\Desktop\Universidad\TFG\benford-corruption\source\data\test\corrupted\level2\FXyOyWfWm0Q.mp4,test,corrupted,level2
C:\Users\hugoa\Desktop\Universidad\TFG\benford-corruption\source\data\test\corrupted\level2\LMPT2CvlnBk.mp4,test,corrupted,level2
C:\Users\hugoa\Desktop\Universidad\TFG\benford-corruption\source\data\test\corrupted\level2\GpI8DSsvwXI.mp4,test,corrupted,level2
C:\Users\hugoa\Desktop\Universidad\TFG\benford-corruption\source\data\test\corrupted\level2\_0ma-BkictM.mp4,test,corrupted,level2
C:\Users\hugoa\Desktop\Universidad\TFG\benford-corruption\source\data\train\corrupted\level3\lra01Ua2Xgk.mp4,train,corrupted,level3
C:\Users\hugoa\Desktop\Universidad\TFG\benford-corruption\source\data\train\corrupted\level3\-1-ni_H1VyI.mp4,train,corrupted,level3
C:\Users\hugoa\Desktop\Universidad\TFG\benford-corruption\source\data\train\corrupted\level3\-0IErS_cisg.mp4,train,corrupted,level3
C:\Users\hugoa\Desktop\Universidad\TFG\benford-corruption\source\data\train\corrupted\level3\1kVaJjVH8-c.mp4,train,corrupted,level3
C:\Users\hugoa\Desktop\Universidad\TFG\benford-corruption\source\data\train\corrupted\level3\4WmFKoJghYM.mp4,train,corrupted,level3
C:\Users\hugoa\Desktop\Universidad\TFG\benford-corruption\source\data\train\corrupted\level3\fPhwWijgOtI.mp4,train,corrupted,level3
C:\Users\hugoa\Desktop\Universidad\TFG\benford-corruption\source\data\train\corrupted\level3\2EuRhc8zCwg.mp4,train,corrupted,level3
C:\Users\hugoa\Desktop\Universidad\TFG\benford-corruption\source\data\train\corrupted\level3\GUf3saB0aGg.mp4,train,corrupted,level3
C:\Users\hugoa\Desktop\Universidad\TFG\benford-corruption\source\data\train\corrupted\level3\GuFI_K7gqwY.mp4,train,corrupted,level3
C:\Users\hugoa\Desktop\Universidad\TFG\benford-corruption\source\data\train\corrupted\level3\FQrCs4eCKiA.mp4,train,corrupted,level3
C:\Users\hugoa\Desktop\Universidad\TFG\benford-corruption\source\data\train\corrupted\level3\_nfO1B5aDLI.mp4,train,corrupted,level3
C:\Users\hugoa\Desktop\Universidad\TFG\benford-corruption\source\data\train\corrupted\level3\lu_DjMC4dcQ.mp4,train,corrupted,level3
C:\Users\hugoa\Desktop\Universidad\TFG\benford-corruption\source\data\train\corrupted\level3\1-o0dctUmb4.mp4,train,corrupted,level3
C:\Users\hugoa\Desktop\Universidad\TFG\benford-corruption\source\data\train\corrupted\level3\lrhYA1QZVrs.mp4,train,corrupted,level3
C:\Users\hugoa\Desktop\Universidad\TFG\benford-corruption\source\data\train\corrupted\level3\gi-RZ_7fdw4.mp4,train,corrupted,level3
C:\Users\hugoa\Desktop\Universidad\TFG\benford-corruption\source\data\train\corrupted\level3\2gD3nshZPBw.mp4,train,corrupted,level3
C:\Users\hugoa\Desktop\Universidad\TFG\benford-corruption\source\data\train\corrupted\level3\AiU2O75kCkU.mp4,train,corrupted,level3
C:\Users\hugoa\Desktop\Universidad\TFG\benford-corruption\source\data\train\corrupted\level3\0YqLJjXmU0I.mp4,train,corrupted,level3
C:\Users\hugoa\Desktop\Universidad\TFG\benford-corruption\source\data\train\corrupted\level3\-1Hub6Ps_cc.mp4,train,corrupted,level3
C:\Users\hugoa\Desktop\Universidad\TFG\benford-corruption\source\data\train\corrupted\level3\1W694xfzp6o.mp4,train,corrupted,level3
C:\Users\hugoa\Desktop\Universidad\TFG\benford-corruption\source\data\train\corrupted\level3\0f4-7AL8Fdk.mp4,train,corrupted,level3
C:\Users\hugoa\Desktop\Universidad\TFG\benford-corruption\source\data\train\corrupted\level3\GfMigQqZADw.mp4,train,corrupted,level3
C:\Users\hugoa\Desktop\Universidad\TFG\benford-corruption\source\data\train\corrupted\level3\2erZ49aaBCU.mp4,train,corrupted,level3
C:\Users\hugoa\Desktop\Universidad\TFG\benford-corruption\source\data\train\corrupted\level3\g3gGuCPANWQ.mp4,train,corrupted,level3
C:\Users\hugoa\Desktop\Universidad\TFG\benford-corruption\source\data\train\corrupted\level3\1HAFyrfYUVQ.mp4,train,corrupted,level3
C:\Users\hugoa\Desktop\Universidad\TFG\benford-corruption\source\data\train\corrupted\level3\1K1b8Zphi3U.mp4,train,corrupted,level3
C:\Users\hugoa\Desktop\Universidad\TFG\benford-corruption\source\data\train\corrupted\level3\aiTW2v3korM.mp4,train,corrupted,level3
C:\Users\hugoa\Desktop\Universidad\TFG\benford-corruption\source\data\train\corrupted\level3\4sY5U4LqmnY.mp4,train,corrupted,level3
C:\Users\hugoa\Desktop\Universidad\TFG\benford-corruption\source\data\train\corrupted\level3\0KU0nzwWa0g.mp4,train,corrupted,level3
C:\Users\hugoa\Desktop\Universidad\TFG\benford-corruption\source\data\train\corrupted\level3\_wMe9P5gsHE.mp4,train,corrupted,level3
C:\Users\hugoa\Desktop\Universidad\TFG\benford-corruption\source\data\train\corrupted\level3\lOpJLO8weZw.mp4,train,corrupted,level3
C:\Users\hugoa\Desktop\Universidad\TFG\benford-corruption\source\data\train\corrupted\level3\1a4CY64vDCk.mp4,train,corrupted,level3
C:\Users\hugoa\Desktop\Universidad\TFG\benford-corruption\source\data\train\corrupted\level3\0ZmrdX0DFMA.mp4,train,corrupted,level3
C:\Users\hugoa\Desktop\Universidad\TFG\benford-corruption\source\data\train\corrupted\level3\1z2BaaWe-Hc.mp4,train,corrupted,level3
C:\Users\hugoa\Desktop\Universidad\TFG\benford-corruption\source\data\train\corrupted\level3\2ak2W4T46fs.mp4,train,corrupted,level3
C:\Users\hugoa\Desktop\Universidad\TFG\benford-corruption\source\data\train\corrupted\level3\fMeaggq0_rA.mp4,train,corrupted,level3
C:\Users\hugoa\Desktop\Universidad\TFG\benford-corruption\source\data\train\corrupted\level3\1QgjYkOXvOI.mp4,train,corrupted,level3
C:\Users\hugoa\Desktop\Universidad\TFG\benford-corruption\source\data\train\corrupted\level3\1P1UydTdo9A.mp4,train,corrupted,level3
C:\Users\hugoa\Desktop\Universidad\TFG\benford-corruption\source\data\train\corrupted\level3\Gt5nDj3nu80.mp4,train,corrupted,level3
C:\Users\hugoa\Desktop\Universidad\TFG\benford-corruption\source\data\train\corrupted\level3\2bA0vJGml6Q.mp4,train,corrupted,level3
C:\Users\hugoa\Desktop\Universidad\TFG\benford-corruption\source\data\train\corrupted\level3\1TWdrO8cCxA.mp4,train,corrupted,level3
C:\Users\hugoa\Desktop\Universidad\TFG\benford-corruption\source\data\train\corrupted\level3\4y7F2p-Qpsg.mp4,train,corrupted,level3
C:\Users\hugoa\Desktop\Universidad\TFG\benford-corruption\source\data\train\corrupted\level3\gGGlthnIB-4.mp4,train,corrupted,level3
C:\Users\hugoa\Desktop\Universidad\TFG\benford-corruption\source\data\train\corrupted\level3\1QUjZLRpYX8.mp4,train,corrupted,level3
C:\Users\hugoa\Desktop\Universidad\TFG\benford-corruption\source\data\train\corrupted\level3\4zh1vexljU0.mp4,train,corrupted,level3
C:\Users\hugoa\Desktop\Universidad\TFG\benford-corruption\source\data\train\corrupted\level3\0S8erRQSUZs.mp4,train,corrupted,level3
C:\Users\hugoa\Desktop\Universidad\TFG\benford-corruption\source\data\train\corrupted\level3\lOqQX7YCYjs.mp4,train,corrupted,level3
C:\Users\hugoa\Desktop\Universidad\TFG\benford-corruption\source\data\train\corrupted\level3\-7tDxxH2g6I.mp4,train,corrupted,level3
C:\Users\hugoa\Desktop\Universidad\TFG\benford-corruption\source\data\train\corrupted\level3\_h6hzkHong8.mp4,train,corrupted,level3
C:\Users\hugoa\Desktop\Universidad\TFG\benford-corruption\source\data\train\corrupted\level3\05PM1aBrb2g.mp4,train,corrupted,level3
C:\Users\hugoa\Desktop\Universidad\TFG\benford-corruption\source\data\train\corrupted\level3\5-3GN1nFB60.mp4,train,corrupted,level3
C:\Users\hugoa\Desktop\Universidad\TFG\benford-corruption\source\data\train\corrupted\level3\1vfy8JAKG4w.mp4,train,corrupted,level3
C:\Users\hugoa\Desktop\Universidad\TFG\benford-corruption\source\data\train\corrupted\level3\1lFFViqdVJU.mp4,train,corrupted,level3
C:\Users\hugoa\Desktop\Universidad\TFG\benford-corruption\source\data\train\corrupted\level3\4VV5L7lhOjE.mp4,train,corrupted,level3
C:\Users\hugoa\Desktop\Universidad\TFG\benford-corruption\source\data\train\corrupted\level3\8nYBG4EfeT8.mp4,train,corrupted,level3
C:\Users\hugoa\Desktop\Universidad\TFG\benford-corruption\source\data\train\corrupted\level3\51BxyRNgLZM.mp4,train,corrupted,level3
C:\Users\hugoa\Desktop\Universidad\TFG\benford-corruption\source\data\train\corrupted\level3\8jbrFO5dAgE.mp4,train,corrupted,level3
C:\Users\hugoa\Desktop\Universidad\TFG\benford-corruption\source\data\train\corrupted\level3\Lslqltu8vyQ.mp4,train,corrupted,level3
C:\Users\hugoa\Desktop\Universidad\TFG\benford-corruption\source\data\train\corrupted\level3\-0N5cgaMCfY.mp4,train,corrupted,level3
C:\Users\hugoa\Desktop\Universidad\TFG\benford-corruption\source\data\train\corrupted\level3\GoF6OhuO9K0.mp4,train,corrupted,level3
C:\Users\hugoa\Desktop\Universidad\TFG\benford-corruption\source\data\train\corrupted\level3\_ksx4WWPTps.mp4,train,corrupted,level3
C:\Users\hugoa\Desktop\Universidad\TFG\benford-corruption\source\data\train\corrupted\level3\Fl7XJN4ZgqE.mp4,train,corrupted,level3
C:\Users\hugoa\Desktop\Universidad\TFG\benford-corruption\source\data\train\corrupted\level3\LqpBgwTe7fQ.mp4,train,corrupted,level3
C:\Users\hugoa\Desktop\Universidad\TFG\benford-corruption\source\data\train\corrupted\level3\_0xo7EkS0tE.mp4,train,corrupted,level3
C:\Users\hugoa\Desktop\Universidad\TFG\benford-corruption\source\data\train\corrupted\level3\4ubJdLl08PY.mp4,train,corrupted,level3
C:\Users\hugoa\Desktop\Universidad\TFG\benford-corruption\source\data\train\corrupted\level3\1w-VuqtvMJs.mp4,train,corrupted,level3
C:\Users\hugoa\Desktop\Universidad\TFG\benford-corruption\source\data\test\corrupted\level3\GgEt7nbShNc.mp4,test,corrupted,level3
C:\Users\hugoa\Desktop\Universidad\TFG\benford-corruption\source\data\test\corrupted\level3\0NmDAeOWzZQ.mp4,test,corrupted,level3
C:\Users\hugoa\Desktop\Universidad\TFG\benford-corruption\source\data\test\corrupted\level3\lwCnqd0E4HI.mp4,test,corrupted,level3
C:\Users\hugoa\Desktop\Universidad\TFG\benford-corruption\source\data\test\corrupted\level3\4wXnaqEDh3c.mp4,test,corrupted,level3
C:\Users\hugoa\Desktop\Universidad\TFG\benford-corruption\source\data\test\corrupted\level3\11oYcNY_5Po.mp4,test,corrupted,level3
C:\Users\hugoa\Desktop\Universidad\TFG\benford-corruption\source\data\test\corrupted\level3\LMCWOKUv2mY.mp4,test,corrupted,level3
C:\Users\hugoa\Desktop\Universidad\TFG\benford-corruption\source\data\test\corrupted\level3\GuClMEvE3gM.mp4,test,corrupted,level3
C:\Users\hugoa\Desktop\Universidad\TFG\benford-corruption\source\data\test\corrupted\level3\FpC1qkjuusA.mp4,test,corrupted,level3
C:\Users\hugoa\Desktop\Universidad\TFG\benford-corruption\source\data\test\corrupted\level3\0sLopr9zuMc.mp4,test,corrupted,level3
C:\Users\hugoa\Desktop\Universidad\TFG\benford-corruption\source\data\test\corrupted\level3\4vURKSUYHLA.mp4,test,corrupted,level3
C:\Users\hugoa\Desktop\Universidad\TFG\benford-corruption\source\data\test\corrupted\level3\fKj_j00MAfc.mp4,test,corrupted,level3
C:\Users\hugoa\Desktop\Universidad\TFG\benford-corruption\source\data\test\corrupted\level3\0tHJCi6G4S4.mp4,test,corrupted,level3
C:\Users\hugoa\Desktop\Universidad\TFG\benford-corruption\source\data\test\corrupted\level3\0MG3pzym-G8.mp4,test,corrupted,level3
C:\Users\hugoa\Desktop\Universidad\TFG\benford-corruption\source\data\test\corrupted\level3\1tuNr4Th22I.mp4,test,corrupted,level3
C:\Users\hugoa\Desktop\Universidad\TFG\benford-corruption\source\data\test\corrupted\level3\0iDnfVQKuAY.mp4,test,corrupted,level3
C:\Users\hugoa\Desktop\Universidad\TFG\benford-corruption\source\data\test\corrupted\level3\GlTXkJ_rX0I.mp4,test,corrupted,level3
C:\Users\hugoa\Desktop\Universidad\TFG\benford-corruption\source\data\test\corrupted\level3\1W774VrdH6w.mp4,test,corrupted,level3
